排名,标题,播放量,发布日期,UP主,BV号,链接
1,"A站这两天还是太清淡了",190888,2025-12-19,千年游戏-王小桃,BV1XWqZBkEF8,https://www.bilibili.com/video/BV1XWqZBkEF8
2,"你牛大了",167125,2025-12-02,喜欢奈绪耶,BV1SxSpBqEqE,https://www.bilibili.com/video/BV1SxSpBqEqE
3,"A战马年活动这一块/.",50856,2026-02-08,初华草祥子,BV1UEcFzPEFV,https://www.bilibili.com/video/BV1UEcFzPEFV
4,"开局依旧看扁所有人［A站］［三角洲行动］",31801,2026-03-21,少的,BV1PbAczPE7C,https://www.bilibili.com/video/BV1PbAczPE7C
5,"【重磅】AC娘首秀全记录，100%沉浸式探展！",21028,2026-02-14,AcFan粉丝社团,BV1hLZLB6EX4,https://www.bilibili.com/video/BV1hLZLB6EX4
6,"怎么样能火吗",16234,2025-11-29,字五神ID,BV1VZSFB7E3X,https://www.bilibili.com/video/BV1VZSFB7E3X
7,"AcFan上还有新宿决战看",11624,2026-03-14,少的,BV1T6wtz2Eye,https://www.bilibili.com/video/BV1T6wtz2Eye
8,"【重磅官宣】AcFan探漫展预告，你们的Ac娘要在线下“闪现”啦！",6962,2026-02-04,AcFan粉丝社团,BV1wvFTzkEUR,https://www.bilibili.com/video/BV1wvFTzkEUR
9,"AC娘出击！漫展定妆照首次公开！【附探展预告】",5501,2026-02-05,AcFan粉丝社团,BV1ooFezGEuR,https://www.bilibili.com/video/BV1ooFezGEuR
10,"那个一直陪在大家身边，会让人流鼻血的少女，真的走出来了！",4070,2026-02-12,AcFan粉丝社团,BV16DchzkE5E,https://www.bilibili.com/video/BV16DchzkE5E
11,"快抓紧我的手！带你逃离次元壁去逛展！",3963,2026-02-12,AcFan粉丝社团,BV1cZcvzsETm,https://www.bilibili.com/video/BV1cZcvzsETm
12,"前方高能！世界线动漫展正式开幕！看AC娘这身look，怎么样？",3929,2026-02-07,AcFan粉丝社团,BV116FszwEqU,https://www.bilibili.com/video/BV116FszwEqU
13,"当AC娘闯入漫展，究竟能集到多少神仙？",3295,2026-02-11,AcFan粉丝社团,BV1kzc4zeEhH,https://www.bilibili.com/video/BV1kzc4zeEhH
14,"糟糕！本体好像掌握了次元瞬移的能力？",3013,2026-02-11,AcFan粉丝社团,BV1rrc4zAEJa,https://www.bilibili.com/video/BV1rrc4zAEJa
15,"浅发一组漫展生图！",1991,2026-02-09,AcFan粉丝社团,BV1X1cuziE8a,https://www.bilibili.com/video/BV1X1cuziE8a
16,"「直击现场」Ac娘首次探展返图秀大片！",1520,2026-02-10,AcFan粉丝社团,BV1VvFQznENt,https://www.bilibili.com/video/BV1VvFQznENt
17,"别划走！这是一条能让你心情变好的满屏祝福视频！",1236,2026-02-02,AcFan粉丝社团,BV1noFKzBE6S,https://www.bilibili.com/video/BV1noFKzBE6S
18,"acfan你赢了😭",1070,2026-03-14,字五神ID,BV1Mawxz5ECY,https://www.bilibili.com/video/BV1Mawxz5ECY
19,"你点一个赞，我就给大伙打一块钱【acfan野生代言人计划】",1053,2026-03-25,AcFan粉丝社团,BV1kcQUBqEZj,https://www.bilibili.com/video/BV1kcQUBqEZj
20,"一只抽象的小猫咪！",1032,2026-01-29,AcFan粉丝社团,BV1gg6wBdEmG,https://www.bilibili.com/video/BV1gg6wBdEmG
21,"野生代言人活动已在动态开启——！！！快来加入吧！",993,2026-03-13,AcFan粉丝社团,BV1cqwJzmETt,https://www.bilibili.com/video/BV1cqwJzmETt
22,"【AC娘】欧尼酱，今天也辛苦了！快来领取你的专属动力补给！",908,2026-02-03,AcFan粉丝社团,BV1SqFLzVEpT,https://www.bilibili.com/video/BV1SqFLzVEpT
23,"《AcFan，我的家乡》",882,2026-03-15,Ac家今天的Fan-六六,BV1BcwMzrEr4,https://www.bilibili.com/video/BV1BcwMzrEr4
24,"初恋时间4女主配音，请各位绅士自行带入男主。（UP主第一次做视频，不喜勿喷）",456,2026-03-18,我叫奶气草莓,BV1rCwvzoEmm,https://www.bilibili.com/video/BV1rCwvzoEmm
25,"你知道我录了多少遍才没卡吗",441,2026-02-02,字五神ID,BV15uFTz8EJe,https://www.bilibili.com/video/BV15uFTz8EJe
26,"依旧梦到啥干啥",356,2026-03-14,字五神ID,BV1JdwtziEi9,https://www.bilibili.com/video/BV1JdwtziEi9
27,"神秘的A站小帖子",138,2026-02-08,初华草祥子,BV1EkcwzxEYC,https://www.bilibili.com/video/BV1EkcwzxEYC
28,"#AcFan野生代言人计划🥴",94,2026-01-30,赤夜啼血,BV1GQ6BBYEbt,https://www.bilibili.com/video/BV1GQ6BBYEbt
